{
    "GlobalRank": null,
    "LocalRank": null,
    "Mode": "Scale",
    "Nodes": {
        "model.layers.0.self_attn.q_proj": {
            "inputs": [
                0.125
            ],
            "outputs": [
                0.00048828125
            ],
            "params": {
                "weight": 0.00390625
            }
        },
        "model.layers.0.self_attn.k_proj": {
            "inputs": [
                0.125
            ],
            "outputs": [
                0.00048828125
            ],
            "params": {
                "weight": 0.00390625
            }
        },
        "model.layers.0.self_attn.v_proj": {
            "inputs": [
                0.125
            ],
            "outputs": [
                6.103515625e-05
            ],
            "params": {
                "weight": 0.00048828125
            }
        },
        "model.layers.0.self_attn.o_proj": {
            "inputs": [
                0.00390625
            ],
            "outputs": [
                1.52587890625e-05
            ],
            "params": {
                "weight": 0.00390625
            }
        },
        "model.layers.0.self_attn.k_cache": {
            "inputs": [
                0.125
            ],
            "outputs": [
                0.125
            ],
            "params": {}
        },
        "model.layers.0.self_attn.v_cache": {
            "inputs": [
                0.0078125
            ],
            "outputs": [
                0.0078125
            ],
            "params": {}
        },
        "model.layers.0.self_attn.fused_scaled_dot_product_attention": {
            "inputs": [
                0.125,
                0.125,
                0.0078125,
                0.015625
            ],
            "outputs": [
                0.00390625
            ],
            "params": {}
        },
        "model.layers.0.mlp.gate_proj": {
            "inputs": [
                0.0625
            ],
            "outputs": [
                0.000244140625
            ],
            "params": {
                "weight": 0.00390625
            }
        },
        "model.layers.0.mlp.up_proj": {
            "inputs": [
                0.0625
            ],
            "outputs": [
                6.103515625e-05
            ],
            "params": {
                "weight": 0.0009765625
            }
        },
        "model.layers.0.mlp.down_proj": {
            "inputs": [
                0.125
            ],
            "outputs": [
                0.00048828125
            ],
            "params": {
                "weight": 0.00390625
            }
        },
        "model.layers.1.self_attn.q_proj": {
            "inputs": [
                0.0625
            ],
            "outputs": [
                0.000244140625
            ],
            "params": {
                "weight": 0.00390625
            }
        },
        "model.layers.1.self_attn.k_proj": {
            "inputs": [
                0.0625
            ],
            "outputs": [
                0.0001220703125
            ],
            "params": {
                "weight": 0.001953125
            }
        },
        "model.layers.1.self_attn.v_proj": {
            "inputs": [
                0.0625
            ],
            "outputs": [
                3.0517578125e-05
            ],
            "params": {
                "weight": 0.00048828125
            }
        },
        "model.layers.1.self_attn.o_proj": {
            "inputs": [
                0.0078125
            ],
            "outputs": [
                1.52587890625e-05
            ],
            "params": {
                "weight": 0.001953125
            }
        },
        "model.layers.1.self_attn.k_cache": {
            "inputs": [
                0.125
            ],
            "outputs": [
                0.125
            ],
            "params": {}
        },
        "model.layers.1.self_attn.v_cache": {
            "inputs": [
                0.015625
            ],
            "outputs": [
                0.015625
            ],
            "params": {}
        },
        "model.layers.1.self_attn.fused_scaled_dot_product_attention": {
            "inputs": [
                0.125,
                0.125,
                0.015625,
                0.015625
            ],
            "outputs": [
                0.0078125
            ],
            "params": {}
        },
        "model.layers.1.mlp.gate_proj": {
            "inputs": [
                0.0625
            ],
            "outputs": [
                0.000244140625
            ],
            "params": {
                "weight": 0.00390625
            }
        },
        "model.layers.1.mlp.up_proj": {
            "inputs": [
                0.0625
            ],
            "outputs": [
                0.000244140625
            ],
            "params": {
                "weight": 0.00390625
            }
        },
        "model.layers.1.mlp.down_proj": {
            "inputs": [
                8.0
            ],
            "outputs": [
                0.03125
            ],
            "params": {
                "weight": 0.00390625
            }
        },
        "model.layers.2.self_attn.q_proj": {
            "inputs": [
                0.125
            ],
            "outputs": [
                0.000244140625
            ],
            "params": {
                "weight": 0.001953125
            }
        },
        "model.layers.2.self_attn.k_proj": {
            "inputs": [
                0.125
            ],
            "outputs": [
                0.000244140625
            ],
            "params": {
                "weight": 0.001953125
            }
        },
        "model.layers.2.self_attn.v_proj": {
            "inputs": [
                0.125
            ],
            "outputs": [
                6.103515625e-05
            ],
            "params": {
                "weight": 0.00048828125
            }
        },
        "model.layers.2.self_attn.o_proj": {
            "inputs": [
                0.015625
            ],
            "outputs": [
                3.0517578125e-05
            ],
            "params": {
                "weight": 0.001953125
            }
        },
        "model.layers.2.self_attn.k_cache": {
            "inputs": [
                0.25
            ],
            "outputs": [
                0.25
            ],
            "params": {}
        },
        "model.layers.2.self_attn.v_cache": {
            "inputs": [
                0.03125
            ],
            "outputs": [
                0.03125
            ],
            "params": {}
        },
        "model.layers.2.self_attn.fused_scaled_dot_product_attention": {
            "inputs": [
                0.125,
                0.25,
                0.03125,
                0.015625
            ],
            "outputs": [
                0.015625
            ],
            "params": {}
        },
        "model.layers.2.mlp.gate_proj": {
            "inputs": [
                0.0625
            ],
            "outputs": [
                0.0001220703125
            ],
            "params": {
                "weight": 0.001953125
            }
        },
        "model.layers.2.mlp.up_proj": {
            "inputs": [
                0.0625
            ],
            "outputs": [
                0.0001220703125
            ],
            "params": {
                "weight": 0.001953125
            }
        },
        "model.layers.2.mlp.down_proj": {
            "inputs": [
                0.0625
            ],
            "outputs": [
                0.000244140625
            ],
            "params": {
                "weight": 0.00390625
            }
        },
        "model.layers.3.self_attn.q_proj": {
            "inputs": [
                0.125
            ],
            "outputs": [
                0.0001220703125
            ],
            "params": {
                "weight": 0.0009765625
            }
        },
        "model.layers.3.self_attn.k_proj": {
            "inputs": [
                0.125
            ],
            "outputs": [
                0.000244140625
            ],
            "params": {
                "weight": 0.001953125
            }
        },
        "model.layers.3.self_attn.v_proj": {
            "inputs": [
                0.125
            ],
            "outputs": [
                0.0001220703125
            ],
            "params": {
                "weight": 0.0009765625
            }
        },
        "model.layers.3.self_attn.o_proj": {
            "inputs": [
                0.03125
            ],
            "outputs": [
                6.103515625e-05
            ],
            "params": {
                "weight": 0.001953125
            }
        },
        "model.layers.3.self_attn.k_cache": {
            "inputs": [
                0.25
            ],
            "outputs": [
                0.25
            ],
            "params": {}
        },
        "model.layers.3.self_attn.v_cache": {
            "inputs": [
                0.03125
            ],
            "outputs": [
                0.03125
            ],
            "params": {}
        },
        "model.layers.3.self_attn.fused_scaled_dot_product_attention": {
            "inputs": [
                0.125,
                0.25,
                0.03125,
                0.015625
            ],
            "outputs": [
                0.03125
            ],
            "params": {}
        },
        "model.layers.3.mlp.gate_proj": {
            "inputs": [
                0.0625
            ],
            "outputs": [
                0.000244140625
            ],
            "params": {
                "weight": 0.00390625
            }
        },
        "model.layers.3.mlp.up_proj": {
            "inputs": [
                0.0625
            ],
            "outputs": [
                0.0001220703125
            ],
            "params": {
                "weight": 0.001953125
            }
        },
        "model.layers.3.mlp.down_proj": {
            "inputs": [
                0.0625
            ],
            "outputs": [
                0.000244140625
            ],
            "params": {
                "weight": 0.00390625
            }
        },
        "model.layers.4.self_attn.q_proj": {
            "inputs": [
                0.125
            ],
            "outputs": [
                0.000244140625
            ],
            "params": {
                "weight": 0.001953125
            }
        },
        "model.layers.4.self_attn.k_proj": {
            "inputs": [
                0.125
            ],
            "outputs": [
                0.000244140625
            ],
            "params": {
                "weight": 0.001953125
            }
        },
        "model.layers.4.self_attn.v_proj": {
            "inputs": [
                0.125
            ],
            "outputs": [
                6.103515625e-05
            ],
            "params": {
                "weight": 0.00048828125
            }
        },
        "model.layers.4.self_attn.o_proj": {
            "inputs": [
                0.015625
            ],
            "outputs": [
                3.0517578125e-05
            ],
            "params": {
                "weight": 0.001953125
            }
        },
        "model.layers.4.self_attn.k_cache": {
            "inputs": [
                0.25
            ],
            "outputs": [
                0.25
            ],
            "params": {}
        },
        "model.layers.4.self_attn.v_cache": {
            "inputs": [
                0.03125
            ],
            "outputs": [
                0.03125
            ],
            "params": {}
        },
        "model.layers.4.self_attn.fused_scaled_dot_product_attention": {
            "inputs": [
                0.125,
                0.25,
                0.03125,
                0.015625
            ],
            "outputs": [
                0.015625
            ],
            "params": {}
        },
        "model.layers.4.mlp.gate_proj": {
            "inputs": [
                0.125
            ],
            "outputs": [
                0.000244140625
            ],
            "params": {
                "weight": 0.001953125
            }
        },
        "model.layers.4.mlp.up_proj": {
            "inputs": [
                0.125
            ],
            "outputs": [
                0.000244140625
            ],
            "params": {
                "weight": 0.001953125
            }
        },
        "model.layers.4.mlp.down_proj": {
            "inputs": [
                0.0625
            ],
            "outputs": [
                0.000244140625
            ],
            "params": {
                "weight": 0.00390625
            }
        },
        "model.layers.5.self_attn.q_proj": {
            "inputs": [
                0.125
            ],
            "outputs": [
                0.000244140625
            ],
            "params": {
                "weight": 0.001953125
            }
        },
        "model.layers.5.self_attn.k_proj": {
            "inputs": [
                0.125
            ],
            "outputs": [
                0.00048828125
            ],
            "params": {
                "weight": 0.00390625
            }
        },
        "model.layers.5.self_attn.v_proj": {
            "inputs": [
                0.125
            ],
            "outputs": [
                0.0001220703125
            ],
            "params": {
                "weight": 0.0009765625
            }
        },
        "model.layers.5.self_attn.o_proj": {
            "inputs": [
                0.015625
            ],
            "outputs": [
                3.0517578125e-05
            ],
            "params": {
                "weight": 0.001953125
            }
        },
        "model.layers.5.self_attn.k_cache": {
            "inputs": [
                0.25
            ],
            "outputs": [
                0.25
            ],
            "params": {}
        },
        "model.layers.5.self_attn.v_cache": {
            "inputs": [
                0.03125
            ],
            "outputs": [
                0.03125
            ],
            "params": {}
        },
        "model.layers.5.self_attn.fused_scaled_dot_product_attention": {
            "inputs": [
                0.125,
                0.25,
                0.03125,
                0.015625
            ],
            "outputs": [
                0.015625
            ],
            "params": {}
        },
        "model.layers.5.mlp.gate_proj": {
            "inputs": [
                0.125
            ],
            "outputs": [
                0.000244140625
            ],
            "params": {
                "weight": 0.001953125
            }
        },
        "model.layers.5.mlp.up_proj": {
            "inputs": [
                0.125
            ],
            "outputs": [
                0.000244140625
            ],
            "params": {
                "weight": 0.001953125
            }
        },
        "model.layers.5.mlp.down_proj": {
            "inputs": [
                0.125
            ],
            "outputs": [
                0.00048828125
            ],
            "params": {
                "weight": 0.00390625
            }
        },
        "model.layers.6.self_attn.q_proj": {
            "inputs": [
                0.125
            ],
            "outputs": [
                0.000244140625
            ],
            "params": {
                "weight": 0.001953125
            }
        },
        "model.layers.6.self_attn.k_proj": {
            "inputs": [
                0.125
            ],
            "outputs": [
                0.000244140625
            ],
            "params": {
                "weight": 0.001953125
            }
        },
        "model.layers.6.self_attn.v_proj": {
            "inputs": [
                0.125
            ],
            "outputs": [
                6.103515625e-05
            ],
            "params": {
                "weight": 0.00048828125
            }
        },
        "model.layers.6.self_attn.o_proj": {
            "inputs": [
                0.03125
            ],
            "outputs": [
                0.0001220703125
            ],
            "params": {
                "weight": 0.00390625
            }
        },
        "model.layers.6.self_attn.k_cache": {
            "inputs": [
                0.25
            ],
            "outputs": [
                0.25
            ],
            "params": {}
        },
        "model.layers.6.self_attn.v_cache": {
            "inputs": [
                0.0625
            ],
            "outputs": [
                0.0625
            ],
            "params": {}
        },
        "model.layers.6.self_attn.fused_scaled_dot_product_attention": {
            "inputs": [
                0.25,
                0.25,
                0.0625,
                0.015625
            ],
            "outputs": [
                0.03125
            ],
            "params": {}
        },
        "model.layers.6.mlp.gate_proj": {
            "inputs": [
                0.125
            ],
            "outputs": [
                0.00048828125
            ],
            "params": {
                "weight": 0.00390625
            }
        },
        "model.layers.6.mlp.up_proj": {
            "inputs": [
                0.125
            ],
            "outputs": [
                0.000244140625
            ],
            "params": {
                "weight": 0.001953125
            }
        },
        "model.layers.6.mlp.down_proj": {
            "inputs": [
                0.0625
            ],
            "outputs": [
                0.000244140625
            ],
            "params": {
                "weight": 0.00390625
            }
        },
        "model.layers.7.self_attn.q_proj": {
            "inputs": [
                0.125
            ],
            "outputs": [
                0.000244140625
            ],
            "params": {
                "weight": 0.001953125
            }
        },
        "model.layers.7.self_attn.k_proj": {
            "inputs": [
                0.125
            ],
            "outputs": [
                0.000244140625
            ],
            "params": {
                "weight": 0.001953125
            }
        },
        "model.layers.7.self_attn.v_proj": {
            "inputs": [
                0.125
            ],
            "outputs": [
                6.103515625e-05
            ],
            "params": {
                "weight": 0.00048828125
            }
        },
        "model.layers.7.self_attn.o_proj": {
            "inputs": [
                0.03125
            ],
            "outputs": [
                6.103515625e-05
            ],
            "params": {
                "weight": 0.001953125
            }
        },
        "model.layers.7.self_attn.k_cache": {
            "inputs": [
                0.25
            ],
            "outputs": [
                0.25
            ],
            "params": {}
        },
        "model.layers.7.self_attn.v_cache": {
            "inputs": [
                0.03125
            ],
            "outputs": [
                0.03125
            ],
            "params": {}
        },
        "model.layers.7.self_attn.fused_scaled_dot_product_attention": {
            "inputs": [
                0.125,
                0.25,
                0.03125,
                0.015625
            ],
            "outputs": [
                0.03125
            ],
            "params": {}
        },
        "model.layers.7.mlp.gate_proj": {
            "inputs": [
                0.125
            ],
            "outputs": [
                0.000244140625
            ],
            "params": {
                "weight": 0.001953125
            }
        },
        "model.layers.7.mlp.up_proj": {
            "inputs": [
                0.125
            ],
            "outputs": [
                0.000244140625
            ],
            "params": {
                "weight": 0.001953125
            }
        },
        "model.layers.7.mlp.down_proj": {
            "inputs": [
                0.125
            ],
            "outputs": [
                0.00048828125
            ],
            "params": {
                "weight": 0.00390625
            }
        },
        "model.layers.8.self_attn.q_proj": {
            "inputs": [
                0.125
            ],
            "outputs": [
                0.00048828125
            ],
            "params": {
                "weight": 0.00390625
            }
        },
        "model.layers.8.self_attn.k_proj": {
            "inputs": [
                0.125
            ],
            "outputs": [
                0.00048828125
            ],
            "params": {
                "weight": 0.00390625
            }
        },
        "model.layers.8.self_attn.v_proj": {
            "inputs": [
                0.125
            ],
            "outputs": [
                6.103515625e-05
            ],
            "params": {
                "weight": 0.00048828125
            }
        },
        "model.layers.8.self_attn.o_proj": {
            "inputs": [
                0.03125
            ],
            "outputs": [
                6.103515625e-05
            ],
            "params": {
                "weight": 0.001953125
            }
        },
        "model.layers.8.self_attn.k_cache": {
            "inputs": [
                0.25
            ],
            "outputs": [
                0.25
            ],
            "params": {}
        },
        "model.layers.8.self_attn.v_cache": {
            "inputs": [
                0.0625
            ],
            "outputs": [
                0.0625
            ],
            "params": {}
        },
        "model.layers.8.self_attn.fused_scaled_dot_product_attention": {
            "inputs": [
                0.125,
                0.25,
                0.0625,
                0.015625
            ],
            "outputs": [
                0.03125
            ],
            "params": {}
        },
        "model.layers.8.mlp.gate_proj": {
            "inputs": [
                0.125
            ],
            "outputs": [
                0.000244140625
            ],
            "params": {
                "weight": 0.001953125
            }
        },
        "model.layers.8.mlp.up_proj": {
            "inputs": [
                0.125
            ],
            "outputs": [
                0.000244140625
            ],
            "params": {
                "weight": 0.001953125
            }
        },
        "model.layers.8.mlp.down_proj": {
            "inputs": [
                0.125
            ],
            "outputs": [
                0.00048828125
            ],
            "params": {
                "weight": 0.00390625
            }
        },
        "model.layers.9.self_attn.q_proj": {
            "inputs": [
                0.25
            ],
            "outputs": [
                0.00048828125
            ],
            "params": {
                "weight": 0.001953125
            }
        },
        "model.layers.9.self_attn.k_proj": {
            "inputs": [
                0.25
            ],
            "outputs": [
                0.00048828125
            ],
            "params": {
                "weight": 0.001953125
            }
        },
        "model.layers.9.self_attn.v_proj": {
            "inputs": [
                0.25
            ],
            "outputs": [
                0.0001220703125
            ],
            "params": {
                "weight": 0.00048828125
            }
        },
        "model.layers.9.self_attn.o_proj": {
            "inputs": [
                0.03125
            ],
            "outputs": [
                6.103515625e-05
            ],
            "params": {
                "weight": 0.001953125
            }
        },
        "model.layers.9.self_attn.k_cache": {
            "inputs": [
                0.25
            ],
            "outputs": [
                0.25
            ],
            "params": {}
        },
        "model.layers.9.self_attn.v_cache": {
            "inputs": [
                0.0625
            ],
            "outputs": [
                0.0625
            ],
            "params": {}
        },
        "model.layers.9.self_attn.fused_scaled_dot_product_attention": {
            "inputs": [
                0.125,
                0.25,
                0.0625,
                0.015625
            ],
            "outputs": [
                0.03125
            ],
            "params": {}
        },
        "model.layers.9.mlp.gate_proj": {
            "inputs": [
                0.125
            ],
            "outputs": [
                0.00048828125
            ],
            "params": {
                "weight": 0.00390625
            }
        },
        "model.layers.9.mlp.up_proj": {
            "inputs": [
                0.125
            ],
            "outputs": [
                0.000244140625
            ],
            "params": {
                "weight": 0.001953125
            }
        },
        "model.layers.9.mlp.down_proj": {
            "inputs": [
                0.125
            ],
            "outputs": [
                0.00048828125
            ],
            "params": {
                "weight": 0.00390625
            }
        },
        "model.layers.10.self_attn.q_proj": {
            "inputs": [
                0.25
            ],
            "outputs": [
                0.00048828125
            ],
            "params": {
                "weight": 0.001953125
            }
        },
        "model.layers.10.self_attn.k_proj": {
            "inputs": [
                0.25
            ],
            "outputs": [
                0.00048828125
            ],
            "params": {
                "weight": 0.001953125
            }
        },
        "model.layers.10.self_attn.v_proj": {
            "inputs": [
                0.25
            ],
            "outputs": [
                0.0001220703125
            ],
            "params": {
                "weight": 0.00048828125
            }
        },
        "model.layers.10.self_attn.o_proj": {
            "inputs": [
                0.03125
            ],
            "outputs": [
                0.0001220703125
            ],
            "params": {
                "weight": 0.00390625
            }
        },
        "model.layers.10.self_attn.k_cache": {
            "inputs": [
                0.25
            ],
            "outputs": [
                0.25
            ],
            "params": {}
        },
        "model.layers.10.self_attn.v_cache": {
            "inputs": [
                0.03125
            ],
            "outputs": [
                0.03125
            ],
            "params": {}
        },
        "model.layers.10.self_attn.fused_scaled_dot_product_attention": {
            "inputs": [
                0.125,
                0.25,
                0.03125,
                0.015625
            ],
            "outputs": [
                0.03125
            ],
            "params": {}
        },
        "model.layers.10.mlp.gate_proj": {
            "inputs": [
                0.125
            ],
            "outputs": [
                0.000244140625
            ],
            "params": {
                "weight": 0.001953125
            }
        },
        "model.layers.10.mlp.up_proj": {
            "inputs": [
                0.125
            ],
            "outputs": [
                0.000244140625
            ],
            "params": {
                "weight": 0.001953125
            }
        },
        "model.layers.10.mlp.down_proj": {
            "inputs": [
                0.125
            ],
            "outputs": [
                0.00048828125
            ],
            "params": {
                "weight": 0.00390625
            }
        },
        "model.layers.11.self_attn.q_proj": {
            "inputs": [
                0.25
            ],
            "outputs": [
                0.000244140625
            ],
            "params": {
                "weight": 0.0009765625
            }
        },
        "model.layers.11.self_attn.k_proj": {
            "inputs": [
                0.25
            ],
            "outputs": [
                0.00048828125
            ],
            "params": {
                "weight": 0.001953125
            }
        },
        "model.layers.11.self_attn.v_proj": {
            "inputs": [
                0.25
            ],
            "outputs": [
                0.0001220703125
            ],
            "params": {
                "weight": 0.00048828125
            }
        },
        "model.layers.11.self_attn.o_proj": {
            "inputs": [
                0.03125
            ],
            "outputs": [
                6.103515625e-05
            ],
            "params": {
                "weight": 0.001953125
            }
        },
        "model.layers.11.self_attn.k_cache": {
            "inputs": [
                0.25
            ],
            "outputs": [
                0.25
            ],
            "params": {}
        },
        "model.layers.11.self_attn.v_cache": {
            "inputs": [
                0.0625
            ],
            "outputs": [
                0.0625
            ],
            "params": {}
        },
        "model.layers.11.self_attn.fused_scaled_dot_product_attention": {
            "inputs": [
                0.125,
                0.25,
                0.0625,
                0.015625
            ],
            "outputs": [
                0.03125
            ],
            "params": {}
        },
        "model.layers.11.mlp.gate_proj": {
            "inputs": [
                0.125
            ],
            "outputs": [
                0.000244140625
            ],
            "params": {
                "weight": 0.001953125
            }
        },
        "model.layers.11.mlp.up_proj": {
            "inputs": [
                0.125
            ],
            "outputs": [
                0.000244140625
            ],
            "params": {
                "weight": 0.001953125
            }
        },
        "model.layers.11.mlp.down_proj": {
            "inputs": [
                0.125
            ],
            "outputs": [
                0.00048828125
            ],
            "params": {
                "weight": 0.00390625
            }
        },
        "model.layers.12.self_attn.q_proj": {
            "inputs": [
                0.25
            ],
            "outputs": [
                0.00048828125
            ],
            "params": {
                "weight": 0.001953125
            }
        },
        "model.layers.12.self_attn.k_proj": {
            "inputs": [
                0.25
            ],
            "outputs": [
                0.00048828125
            ],
            "params": {
                "weight": 0.001953125
            }
        },
        "model.layers.12.self_attn.v_proj": {
            "inputs": [
                0.25
            ],
            "outputs": [
                0.0001220703125
            ],
            "params": {
                "weight": 0.00048828125
            }
        },
        "model.layers.12.self_attn.o_proj": {
            "inputs": [
                0.03125
            ],
            "outputs": [
                0.0001220703125
            ],
            "params": {
                "weight": 0.00390625
            }
        },
        "model.layers.12.self_attn.k_cache": {
            "inputs": [
                0.25
            ],
            "outputs": [
                0.25
            ],
            "params": {}
        },
        "model.layers.12.self_attn.v_cache": {
            "inputs": [
                0.03125
            ],
            "outputs": [
                0.03125
            ],
            "params": {}
        },
        "model.layers.12.self_attn.fused_scaled_dot_product_attention": {
            "inputs": [
                0.125,
                0.25,
                0.03125,
                0.015625
            ],
            "outputs": [
                0.03125
            ],
            "params": {}
        },
        "model.layers.12.mlp.gate_proj": {
            "inputs": [
                0.125
            ],
            "outputs": [
                0.000244140625
            ],
            "params": {
                "weight": 0.001953125
            }
        },
        "model.layers.12.mlp.up_proj": {
            "inputs": [
                0.125
            ],
            "outputs": [
                0.000244140625
            ],
            "params": {
                "weight": 0.001953125
            }
        },
        "model.layers.12.mlp.down_proj": {
            "inputs": [
                0.125
            ],
            "outputs": [
                0.0009765625
            ],
            "params": {
                "weight": 0.0078125
            }
        },
        "model.layers.13.self_attn.q_proj": {
            "inputs": [
                0.25
            ],
            "outputs": [
                0.000244140625
            ],
            "params": {
                "weight": 0.0009765625
            }
        },
        "model.layers.13.self_attn.k_proj": {
            "inputs": [
                0.25
            ],
            "outputs": [
                0.00048828125
            ],
            "params": {
                "weight": 0.001953125
            }
        },
        "model.layers.13.self_attn.v_proj": {
            "inputs": [
                0.25
            ],
            "outputs": [
                0.0001220703125
            ],
            "params": {
                "weight": 0.00048828125
            }
        },
        "model.layers.13.self_attn.o_proj": {
            "inputs": [
                0.03125
            ],
            "outputs": [
                0.0001220703125
            ],
            "params": {
                "weight": 0.00390625
            }
        },
        "model.layers.13.self_attn.k_cache": {
            "inputs": [
                0.25
            ],
            "outputs": [
                0.25
            ],
            "params": {}
        },
        "model.layers.13.self_attn.v_cache": {
            "inputs": [
                0.0625
            ],
            "outputs": [
                0.0625
            ],
            "params": {}
        },
        "model.layers.13.self_attn.fused_scaled_dot_product_attention": {
            "inputs": [
                0.125,
                0.25,
                0.0625,
                0.015625
            ],
            "outputs": [
                0.03125
            ],
            "params": {}
        },
        "model.layers.13.mlp.gate_proj": {
            "inputs": [
                0.125
            ],
            "outputs": [
                0.00048828125
            ],
            "params": {
                "weight": 0.00390625
            }
        },
        "model.layers.13.mlp.up_proj": {
            "inputs": [
                0.125
            ],
            "outputs": [
                0.000244140625
            ],
            "params": {
                "weight": 0.001953125
            }
        },
        "model.layers.13.mlp.down_proj": {
            "inputs": [
                0.125
            ],
            "outputs": [
                0.0009765625
            ],
            "params": {
                "weight": 0.0078125
            }
        },
        "model.layers.14.self_attn.q_proj": {
            "inputs": [
                0.25
            ],
            "outputs": [
                0.00048828125
            ],
            "params": {
                "weight": 0.001953125
            }
        },
        "model.layers.14.self_attn.k_proj": {
            "inputs": [
                0.25
            ],
            "outputs": [
                0.00048828125
            ],
            "params": {
                "weight": 0.001953125
            }
        },
        "model.layers.14.self_attn.v_proj": {
            "inputs": [
                0.25
            ],
            "outputs": [
                0.0001220703125
            ],
            "params": {
                "weight": 0.00048828125
            }
        },
        "model.layers.14.self_attn.o_proj": {
            "inputs": [
                0.03125
            ],
            "outputs": [
                3.0517578125e-05
            ],
            "params": {
                "weight": 0.0009765625
            }
        },
        "model.layers.14.self_attn.k_cache": {
            "inputs": [
                0.25
            ],
            "outputs": [
                0.25
            ],
            "params": {}
        },
        "model.layers.14.self_attn.v_cache": {
            "inputs": [
                0.03125
            ],
            "outputs": [
                0.03125
            ],
            "params": {}
        },
        "model.layers.14.self_attn.fused_scaled_dot_product_attention": {
            "inputs": [
                0.125,
                0.25,
                0.03125,
                0.015625
            ],
            "outputs": [
                0.03125
            ],
            "params": {}
        },
        "model.layers.14.mlp.gate_proj": {
            "inputs": [
                0.125
            ],
            "outputs": [
                0.00048828125
            ],
            "params": {
                "weight": 0.00390625
            }
        },
        "model.layers.14.mlp.up_proj": {
            "inputs": [
                0.125
            ],
            "outputs": [
                0.00048828125
            ],
            "params": {
                "weight": 0.00390625
            }
        },
        "model.layers.14.mlp.down_proj": {
            "inputs": [
                0.125
            ],
            "outputs": [
                0.00048828125
            ],
            "params": {
                "weight": 0.00390625
            }
        },
        "model.layers.15.self_attn.q_proj": {
            "inputs": [
                0.25
            ],
            "outputs": [
                0.00048828125
            ],
            "params": {
                "weight": 0.001953125
            }
        },
        "model.layers.15.self_attn.k_proj": {
            "inputs": [
                0.25
            ],
            "outputs": [
                0.00048828125
            ],
            "params": {
                "weight": 0.001953125
            }
        },
        "model.layers.15.self_attn.v_proj": {
            "inputs": [
                0.25
            ],
            "outputs": [
                0.000244140625
            ],
            "params": {
                "weight": 0.0009765625
            }
        },
        "model.layers.15.self_attn.o_proj": {
            "inputs": [
                0.03125
            ],
            "outputs": [
                0.0001220703125
            ],
            "params": {
                "weight": 0.00390625
            }
        },
        "model.layers.15.self_attn.k_cache": {
            "inputs": [
                0.25
            ],
            "outputs": [
                0.25
            ],
            "params": {}
        },
        "model.layers.15.self_attn.v_cache": {
            "inputs": [
                0.125
            ],
            "outputs": [
                0.125
            ],
            "params": {}
        },
        "model.layers.15.self_attn.fused_scaled_dot_product_attention": {
            "inputs": [
                0.25,
                0.25,
                0.125,
                0.015625
            ],
            "outputs": [
                0.03125
            ],
            "params": {}
        },
        "model.layers.15.mlp.gate_proj": {
            "inputs": [
                0.125
            ],
            "outputs": [
                0.000244140625
            ],
            "params": {
                "weight": 0.001953125
            }
        },
        "model.layers.15.mlp.up_proj": {
            "inputs": [
                0.125
            ],
            "outputs": [
                0.000244140625
            ],
            "params": {
                "weight": 0.001953125
            }
        },
        "model.layers.15.mlp.down_proj": {
            "inputs": [
                0.125
            ],
            "outputs": [
                0.00048828125
            ],
            "params": {
                "weight": 0.00390625
            }
        },
        "model.layers.16.self_attn.q_proj": {
            "inputs": [
                0.25
            ],
            "outputs": [
                0.00048828125
            ],
            "params": {
                "weight": 0.001953125
            }
        },
        "model.layers.16.self_attn.k_proj": {
            "inputs": [
                0.25
            ],
            "outputs": [
                0.00048828125
            ],
            "params": {
                "weight": 0.001953125
            }
        },
        "model.layers.16.self_attn.v_proj": {
            "inputs": [
                0.25
            ],
            "outputs": [
                0.000244140625
            ],
            "params": {
                "weight": 0.0009765625
            }
        },
        "model.layers.16.self_attn.o_proj": {
            "inputs": [
                0.03125
            ],
            "outputs": [
                0.0001220703125
            ],
            "params": {
                "weight": 0.00390625
            }
        },
        "model.layers.16.self_attn.k_cache": {
            "inputs": [
                0.25
            ],
            "outputs": [
                0.25
            ],
            "params": {}
        },
        "model.layers.16.self_attn.v_cache": {
            "inputs": [
                0.03125
            ],
            "outputs": [
                0.03125
            ],
            "params": {}
        },
        "model.layers.16.self_attn.fused_scaled_dot_product_attention": {
            "inputs": [
                0.125,
                0.25,
                0.03125,
                0.015625
            ],
            "outputs": [
                0.03125
            ],
            "params": {}
        },
        "model.layers.16.mlp.gate_proj": {
            "inputs": [
                0.125
            ],
            "outputs": [
                0.00048828125
            ],
            "params": {
                "weight": 0.00390625
            }
        },
        "model.layers.16.mlp.up_proj": {
            "inputs": [
                0.125
            ],
            "outputs": [
                0.000244140625
            ],
            "params": {
                "weight": 0.001953125
            }
        },
        "model.layers.16.mlp.down_proj": {
            "inputs": [
                0.5
            ],
            "outputs": [
                0.001953125
            ],
            "params": {
                "weight": 0.00390625
            }
        },
        "model.layers.17.self_attn.q_proj": {
            "inputs": [
                0.25
            ],
            "outputs": [
                0.000244140625
            ],
            "params": {
                "weight": 0.0009765625
            }
        },
        "model.layers.17.self_attn.k_proj": {
            "inputs": [
                0.25
            ],
            "outputs": [
                0.00048828125
            ],
            "params": {
                "weight": 0.001953125
            }
        },
        "model.layers.17.self_attn.v_proj": {
            "inputs": [
                0.25
            ],
            "outputs": [
                0.0001220703125
            ],
            "params": {
                "weight": 0.00048828125
            }
        },
        "model.layers.17.self_attn.o_proj": {
            "inputs": [
                0.03125
            ],
            "outputs": [
                0.0001220703125
            ],
            "params": {
                "weight": 0.00390625
            }
        },
        "model.layers.17.self_attn.k_cache": {
            "inputs": [
                0.25
            ],
            "outputs": [
                0.25
            ],
            "params": {}
        },
        "model.layers.17.self_attn.v_cache": {
            "inputs": [
                0.0625
            ],
            "outputs": [
                0.0625
            ],
            "params": {}
        },
        "model.layers.17.self_attn.fused_scaled_dot_product_attention": {
            "inputs": [
                0.125,
                0.25,
                0.0625,
                0.015625
            ],
            "outputs": [
                0.03125
            ],
            "params": {}
        },
        "model.layers.17.mlp.gate_proj": {
            "inputs": [
                0.125
            ],
            "outputs": [
                0.000244140625
            ],
            "params": {
                "weight": 0.001953125
            }
        },
        "model.layers.17.mlp.up_proj": {
            "inputs": [
                0.125
            ],
            "outputs": [
                0.000244140625
            ],
            "params": {
                "weight": 0.001953125
            }
        },
        "model.layers.17.mlp.down_proj": {
            "inputs": [
                0.25
            ],
            "outputs": [
                0.0009765625
            ],
            "params": {
                "weight": 0.00390625
            }
        },
        "model.layers.18.self_attn.q_proj": {
            "inputs": [
                0.25
            ],
            "outputs": [
                0.000244140625
            ],
            "params": {
                "weight": 0.0009765625
            }
        },
        "model.layers.18.self_attn.k_proj": {
            "inputs": [
                0.25
            ],
            "outputs": [
                0.00048828125
            ],
            "params": {
                "weight": 0.001953125
            }
        },
        "model.layers.18.self_attn.v_proj": {
            "inputs": [
                0.25
            ],
            "outputs": [
                0.0001220703125
            ],
            "params": {
                "weight": 0.00048828125
            }
        },
        "model.layers.18.self_attn.o_proj": {
            "inputs": [
                0.03125
            ],
            "outputs": [
                0.0001220703125
            ],
            "params": {
                "weight": 0.00390625
            }
        },
        "model.layers.18.self_attn.k_cache": {
            "inputs": [
                0.25
            ],
            "outputs": [
                0.25
            ],
            "params": {}
        },
        "model.layers.18.self_attn.v_cache": {
            "inputs": [
                0.0625
            ],
            "outputs": [
                0.0625
            ],
            "params": {}
        },
        "model.layers.18.self_attn.fused_scaled_dot_product_attention": {
            "inputs": [
                0.25,
                0.25,
                0.0625,
                0.015625
            ],
            "outputs": [
                0.03125
            ],
            "params": {}
        },
        "model.layers.18.mlp.gate_proj": {
            "inputs": [
                0.125
            ],
            "outputs": [
                0.00048828125
            ],
            "params": {
                "weight": 0.00390625
            }
        },
        "model.layers.18.mlp.up_proj": {
            "inputs": [
                0.125
            ],
            "outputs": [
                0.000244140625
            ],
            "params": {
                "weight": 0.001953125
            }
        },
        "model.layers.18.mlp.down_proj": {
            "inputs": [
                0.25
            ],
            "outputs": [
                0.0009765625
            ],
            "params": {
                "weight": 0.00390625
            }
        },
        "model.layers.19.self_attn.q_proj": {
            "inputs": [
                0.25
            ],
            "outputs": [
                0.00048828125
            ],
            "params": {
                "weight": 0.001953125
            }
        },
        "model.layers.19.self_attn.k_proj": {
            "inputs": [
                0.25
            ],
            "outputs": [
                0.00048828125
            ],
            "params": {
                "weight": 0.001953125
            }
        },
        "model.layers.19.self_attn.v_proj": {
            "inputs": [
                0.25
            ],
            "outputs": [
                0.0001220703125
            ],
            "params": {
                "weight": 0.00048828125
            }
        },
        "model.layers.19.self_attn.o_proj": {
            "inputs": [
                0.03125
            ],
            "outputs": [
                0.0001220703125
            ],
            "params": {
                "weight": 0.00390625
            }
        },
        "model.layers.19.self_attn.k_cache": {
            "inputs": [
                0.5
            ],
            "outputs": [
                0.5
            ],
            "params": {}
        },
        "model.layers.19.self_attn.v_cache": {
            "inputs": [
                0.0625
            ],
            "outputs": [
                0.0625
            ],
            "params": {}
        },
        "model.layers.19.self_attn.fused_scaled_dot_product_attention": {
            "inputs": [
                0.25,
                0.5,
                0.0625,
                0.015625
            ],
            "outputs": [
                0.03125
            ],
            "params": {}
        },
        "model.layers.19.mlp.gate_proj": {
            "inputs": [
                0.125
            ],
            "outputs": [
                0.00048828125
            ],
            "params": {
                "weight": 0.00390625
            }
        },
        "model.layers.19.mlp.up_proj": {
            "inputs": [
                0.125
            ],
            "outputs": [
                0.000244140625
            ],
            "params": {
                "weight": 0.001953125
            }
        },
        "model.layers.19.mlp.down_proj": {
            "inputs": [
                0.25
            ],
            "outputs": [
                0.0009765625
            ],
            "params": {
                "weight": 0.00390625
            }
        },
        "model.layers.20.self_attn.q_proj": {
            "inputs": [
                0.25
            ],
            "outputs": [
                0.00048828125
            ],
            "params": {
                "weight": 0.001953125
            }
        },
        "model.layers.20.self_attn.k_proj": {
            "inputs": [
                0.25
            ],
            "outputs": [
                0.00048828125
            ],
            "params": {
                "weight": 0.001953125
            }
        },
        "model.layers.20.self_attn.v_proj": {
            "inputs": [
                0.25
            ],
            "outputs": [
                0.0001220703125
            ],
            "params": {
                "weight": 0.00048828125
            }
        },
        "model.layers.20.self_attn.o_proj": {
            "inputs": [
                0.03125
            ],
            "outputs": [
                0.0001220703125
            ],
            "params": {
                "weight": 0.00390625
            }
        },
        "model.layers.20.self_attn.k_cache": {
            "inputs": [
                0.25
            ],
            "outputs": [
                0.25
            ],
            "params": {}
        },
        "model.layers.20.self_attn.v_cache": {
            "inputs": [
                0.0625
            ],
            "outputs": [
                0.0625
            ],
            "params": {}
        },
        "model.layers.20.self_attn.fused_scaled_dot_product_attention": {
            "inputs": [
                0.125,
                0.25,
                0.0625,
                0.015625
            ],
            "outputs": [
                0.03125
            ],
            "params": {}
        },
        "model.layers.20.mlp.gate_proj": {
            "inputs": [
                0.125
            ],
            "outputs": [
                0.000244140625
            ],
            "params": {
                "weight": 0.001953125
            }
        },
        "model.layers.20.mlp.up_proj": {
            "inputs": [
                0.125
            ],
            "outputs": [
                0.000244140625
            ],
            "params": {
                "weight": 0.001953125
            }
        },
        "model.layers.20.mlp.down_proj": {
            "inputs": [
                0.25
            ],
            "outputs": [
                0.0009765625
            ],
            "params": {
                "weight": 0.00390625
            }
        },
        "model.layers.21.self_attn.q_proj": {
            "inputs": [
                0.25
            ],
            "outputs": [
                0.00048828125
            ],
            "params": {
                "weight": 0.001953125
            }
        },
        "model.layers.21.self_attn.k_proj": {
            "inputs": [
                0.25
            ],
            "outputs": [
                0.00048828125
            ],
            "params": {
                "weight": 0.001953125
            }
        },
        "model.layers.21.self_attn.v_proj": {
            "inputs": [
                0.25
            ],
            "outputs": [
                0.000244140625
            ],
            "params": {
                "weight": 0.0009765625
            }
        },
        "model.layers.21.self_attn.o_proj": {
            "inputs": [
                0.03125
            ],
            "outputs": [
                6.103515625e-05
            ],
            "params": {
                "weight": 0.001953125
            }
        },
        "model.layers.21.self_attn.k_cache": {
            "inputs": [
                0.25
            ],
            "outputs": [
                0.25
            ],
            "params": {}
        },
        "model.layers.21.self_attn.v_cache": {
            "inputs": [
                0.0625
            ],
            "outputs": [
                0.0625
            ],
            "params": {}
        },
        "model.layers.21.self_attn.fused_scaled_dot_product_attention": {
            "inputs": [
                0.25,
                0.25,
                0.0625,
                0.015625
            ],
            "outputs": [
                0.03125
            ],
            "params": {}
        },
        "model.layers.21.mlp.gate_proj": {
            "inputs": [
                0.125
            ],
            "outputs": [
                0.00048828125
            ],
            "params": {
                "weight": 0.00390625
            }
        },
        "model.layers.21.mlp.up_proj": {
            "inputs": [
                0.125
            ],
            "outputs": [
                0.00048828125
            ],
            "params": {
                "weight": 0.00390625
            }
        },
        "model.layers.21.mlp.down_proj": {
            "inputs": [
                0.5
            ],
            "outputs": [
                0.001953125
            ],
            "params": {
                "weight": 0.00390625
            }
        },
        "model.layers.22.self_attn.q_proj": {
            "inputs": [
                0.25
            ],
            "outputs": [
                0.00048828125
            ],
            "params": {
                "weight": 0.001953125
            }
        },
        "model.layers.22.self_attn.k_proj": {
            "inputs": [
                0.25
            ],
            "outputs": [
                0.00048828125
            ],
            "params": {
                "weight": 0.001953125
            }
        },
        "model.layers.22.self_attn.v_proj": {
            "inputs": [
                0.25
            ],
            "outputs": [
                0.0001220703125
            ],
            "params": {
                "weight": 0.00048828125
            }
        },
        "model.layers.22.self_attn.o_proj": {
            "inputs": [
                0.0625
            ],
            "outputs": [
                0.0001220703125
            ],
            "params": {
                "weight": 0.001953125
            }
        },
        "model.layers.22.self_attn.k_cache": {
            "inputs": [
                0.25
            ],
            "outputs": [
                0.25
            ],
            "params": {}
        },
        "model.layers.22.self_attn.v_cache": {
            "inputs": [
                0.0625
            ],
            "outputs": [
                0.0625
            ],
            "params": {}
        },
        "model.layers.22.self_attn.fused_scaled_dot_product_attention": {
            "inputs": [
                0.25,
                0.25,
                0.0625,
                0.015625
            ],
            "outputs": [
                0.0625
            ],
            "params": {}
        },
        "model.layers.22.mlp.gate_proj": {
            "inputs": [
                0.125
            ],
            "outputs": [
                0.000244140625
            ],
            "params": {
                "weight": 0.001953125
            }
        },
        "model.layers.22.mlp.up_proj": {
            "inputs": [
                0.125
            ],
            "outputs": [
                0.0001220703125
            ],
            "params": {
                "weight": 0.0009765625
            }
        },
        "model.layers.22.mlp.down_proj": {
            "inputs": [
                0.5
            ],
            "outputs": [
                0.001953125
            ],
            "params": {
                "weight": 0.00390625
            }
        },
        "model.layers.23.self_attn.q_proj": {
            "inputs": [
                0.25
            ],
            "outputs": [
                0.00048828125
            ],
            "params": {
                "weight": 0.001953125
            }
        },
        "model.layers.23.self_attn.k_proj": {
            "inputs": [
                0.25
            ],
            "outputs": [
                0.0009765625
            ],
            "params": {
                "weight": 0.00390625
            }
        },
        "model.layers.23.self_attn.v_proj": {
            "inputs": [
                0.25
            ],
            "outputs": [
                0.000244140625
            ],
            "params": {
                "weight": 0.0009765625
            }
        },
        "model.layers.23.self_attn.o_proj": {
            "inputs": [
                0.0625
            ],
            "outputs": [
                0.0001220703125
            ],
            "params": {
                "weight": 0.001953125
            }
        },
        "model.layers.23.self_attn.k_cache": {
            "inputs": [
                0.25
            ],
            "outputs": [
                0.25
            ],
            "params": {}
        },
        "model.layers.23.self_attn.v_cache": {
            "inputs": [
                0.0625
            ],
            "outputs": [
                0.0625
            ],
            "params": {}
        },
        "model.layers.23.self_attn.fused_scaled_dot_product_attention": {
            "inputs": [
                0.25,
                0.25,
                0.0625,
                0.015625
            ],
            "outputs": [
                0.0625
            ],
            "params": {}
        },
        "model.layers.23.mlp.gate_proj": {
            "inputs": [
                0.125
            ],
            "outputs": [
                0.00048828125
            ],
            "params": {
                "weight": 0.00390625
            }
        },
        "model.layers.23.mlp.up_proj": {
            "inputs": [
                0.125
            ],
            "outputs": [
                0.0001220703125
            ],
            "params": {
                "weight": 0.0009765625
            }
        },
        "model.layers.23.mlp.down_proj": {
            "inputs": [
                0.5
            ],
            "outputs": [
                0.001953125
            ],
            "params": {
                "weight": 0.00390625
            }
        },
        "model.layers.24.self_attn.q_proj": {
            "inputs": [
                0.25
            ],
            "outputs": [
                0.00048828125
            ],
            "params": {
                "weight": 0.001953125
            }
        },
        "model.layers.24.self_attn.k_proj": {
            "inputs": [
                0.25
            ],
            "outputs": [
                0.00048828125
            ],
            "params": {
                "weight": 0.001953125
            }
        },
        "model.layers.24.self_attn.v_proj": {
            "inputs": [
                0.25
            ],
            "outputs": [
                0.000244140625
            ],
            "params": {
                "weight": 0.0009765625
            }
        },
        "model.layers.24.self_attn.o_proj": {
            "inputs": [
                0.0625
            ],
            "outputs": [
                0.0001220703125
            ],
            "params": {
                "weight": 0.001953125
            }
        },
        "model.layers.24.self_attn.k_cache": {
            "inputs": [
                0.25
            ],
            "outputs": [
                0.25
            ],
            "params": {}
        },
        "model.layers.24.self_attn.v_cache": {
            "inputs": [
                0.0625
            ],
            "outputs": [
                0.0625
            ],
            "params": {}
        },
        "model.layers.24.self_attn.fused_scaled_dot_product_attention": {
            "inputs": [
                0.25,
                0.25,
                0.0625,
                0.015625
            ],
            "outputs": [
                0.0625
            ],
            "params": {}
        },
        "model.layers.24.mlp.gate_proj": {
            "inputs": [
                0.125
            ],
            "outputs": [
                0.00048828125
            ],
            "params": {
                "weight": 0.00390625
            }
        },
        "model.layers.24.mlp.up_proj": {
            "inputs": [
                0.125
            ],
            "outputs": [
                0.000244140625
            ],
            "params": {
                "weight": 0.001953125
            }
        },
        "model.layers.24.mlp.down_proj": {
            "inputs": [
                0.5
            ],
            "outputs": [
                0.001953125
            ],
            "params": {
                "weight": 0.00390625
            }
        },
        "model.layers.25.self_attn.q_proj": {
            "inputs": [
                0.25
            ],
            "outputs": [
                0.00048828125
            ],
            "params": {
                "weight": 0.001953125
            }
        },
        "model.layers.25.self_attn.k_proj": {
            "inputs": [
                0.25
            ],
            "outputs": [
                0.00048828125
            ],
            "params": {
                "weight": 0.001953125
            }
        },
        "model.layers.25.self_attn.v_proj": {
            "inputs": [
                0.25
            ],
            "outputs": [
                0.000244140625
            ],
            "params": {
                "weight": 0.0009765625
            }
        },
        "model.layers.25.self_attn.o_proj": {
            "inputs": [
                0.0625
            ],
            "outputs": [
                0.0001220703125
            ],
            "params": {
                "weight": 0.001953125
            }
        },
        "model.layers.25.self_attn.k_cache": {
            "inputs": [
                0.25
            ],
            "outputs": [
                0.25
            ],
            "params": {}
        },
        "model.layers.25.self_attn.v_cache": {
            "inputs": [
                0.0625
            ],
            "outputs": [
                0.0625
            ],
            "params": {}
        },
        "model.layers.25.self_attn.fused_scaled_dot_product_attention": {
            "inputs": [
                0.25,
                0.25,
                0.0625,
                0.015625
            ],
            "outputs": [
                0.0625
            ],
            "params": {}
        },
        "model.layers.25.mlp.gate_proj": {
            "inputs": [
                0.125
            ],
            "outputs": [
                0.000244140625
            ],
            "params": {
                "weight": 0.001953125
            }
        },
        "model.layers.25.mlp.up_proj": {
            "inputs": [
                0.125
            ],
            "outputs": [
                0.000244140625
            ],
            "params": {
                "weight": 0.001953125
            }
        },
        "model.layers.25.mlp.down_proj": {
            "inputs": [
                0.5
            ],
            "outputs": [
                0.001953125
            ],
            "params": {
                "weight": 0.00390625
            }
        },
        "model.layers.26.self_attn.q_proj": {
            "inputs": [
                0.25
            ],
            "outputs": [
                0.00048828125
            ],
            "params": {
                "weight": 0.001953125
            }
        },
        "model.layers.26.self_attn.k_proj": {
            "inputs": [
                0.25
            ],
            "outputs": [
                0.00048828125
            ],
            "params": {
                "weight": 0.001953125
            }
        },
        "model.layers.26.self_attn.v_proj": {
            "inputs": [
                0.25
            ],
            "outputs": [
                0.000244140625
            ],
            "params": {
                "weight": 0.0009765625
            }
        },
        "model.layers.26.self_attn.o_proj": {
            "inputs": [
                0.0625
            ],
            "outputs": [
                0.0001220703125
            ],
            "params": {
                "weight": 0.001953125
            }
        },
        "model.layers.26.self_attn.k_cache": {
            "inputs": [
                0.25
            ],
            "outputs": [
                0.25
            ],
            "params": {}
        },
        "model.layers.26.self_attn.v_cache": {
            "inputs": [
                0.125
            ],
            "outputs": [
                0.125
            ],
            "params": {}
        },
        "model.layers.26.self_attn.fused_scaled_dot_product_attention": {
            "inputs": [
                0.25,
                0.25,
                0.125,
                0.015625
            ],
            "outputs": [
                0.0625
            ],
            "params": {}
        },
        "model.layers.26.mlp.gate_proj": {
            "inputs": [
                0.125
            ],
            "outputs": [
                0.000244140625
            ],
            "params": {
                "weight": 0.001953125
            }
        },
        "model.layers.26.mlp.up_proj": {
            "inputs": [
                0.125
            ],
            "outputs": [
                0.000244140625
            ],
            "params": {
                "weight": 0.001953125
            }
        },
        "model.layers.26.mlp.down_proj": {
            "inputs": [
                0.5
            ],
            "outputs": [
                0.001953125
            ],
            "params": {
                "weight": 0.00390625
            }
        },
        "model.layers.27.self_attn.q_proj": {
            "inputs": [
                0.25
            ],
            "outputs": [
                0.00048828125
            ],
            "params": {
                "weight": 0.001953125
            }
        },
        "model.layers.27.self_attn.k_proj": {
            "inputs": [
                0.25
            ],
            "outputs": [
                0.00048828125
            ],
            "params": {
                "weight": 0.001953125
            }
        },
        "model.layers.27.self_attn.v_proj": {
            "inputs": [
                0.25
            ],
            "outputs": [
                0.00048828125
            ],
            "params": {
                "weight": 0.001953125
            }
        },
        "model.layers.27.self_attn.o_proj": {
            "inputs": [
                0.0625
            ],
            "outputs": [
                0.000244140625
            ],
            "params": {
                "weight": 0.00390625
            }
        },
        "model.layers.27.self_attn.k_cache": {
            "inputs": [
                0.25
            ],
            "outputs": [
                0.25
            ],
            "params": {}
        },
        "model.layers.27.self_attn.v_cache": {
            "inputs": [
                0.0625
            ],
            "outputs": [
                0.0625
            ],
            "params": {}
        },
        "model.layers.27.self_attn.fused_scaled_dot_product_attention": {
            "inputs": [
                0.25,
                0.25,
                0.0625,
                0.015625
            ],
            "outputs": [
                0.0625
            ],
            "params": {}
        },
        "model.layers.27.mlp.gate_proj": {
            "inputs": [
                0.125
            ],
            "outputs": [
                0.000244140625
            ],
            "params": {
                "weight": 0.001953125
            }
        },
        "model.layers.27.mlp.up_proj": {
            "inputs": [
                0.125
            ],
            "outputs": [
                0.0001220703125
            ],
            "params": {
                "weight": 0.0009765625
            }
        },
        "model.layers.27.mlp.down_proj": {
            "inputs": [
                0.5
            ],
            "outputs": [
                0.001953125
            ],
            "params": {
                "weight": 0.00390625
            }
        },
        "model.layers.28.self_attn.q_proj": {
            "inputs": [
                0.25
            ],
            "outputs": [
                0.00048828125
            ],
            "params": {
                "weight": 0.001953125
            }
        },
        "model.layers.28.self_attn.k_proj": {
            "inputs": [
                0.25
            ],
            "outputs": [
                0.00048828125
            ],
            "params": {
                "weight": 0.001953125
            }
        },
        "model.layers.28.self_attn.v_proj": {
            "inputs": [
                0.25
            ],
            "outputs": [
                0.000244140625
            ],
            "params": {
                "weight": 0.0009765625
            }
        },
        "model.layers.28.self_attn.o_proj": {
            "inputs": [
                0.0625
            ],
            "outputs": [
                0.000244140625
            ],
            "params": {
                "weight": 0.00390625
            }
        },
        "model.layers.28.self_attn.k_cache": {
            "inputs": [
                0.25
            ],
            "outputs": [
                0.25
            ],
            "params": {}
        },
        "model.layers.28.self_attn.v_cache": {
            "inputs": [
                0.0625
            ],
            "outputs": [
                0.0625
            ],
            "params": {}
        },
        "model.layers.28.self_attn.fused_scaled_dot_product_attention": {
            "inputs": [
                0.25,
                0.25,
                0.0625,
                0.015625
            ],
            "outputs": [
                0.0625
            ],
            "params": {}
        },
        "model.layers.28.mlp.gate_proj": {
            "inputs": [
                0.125
            ],
            "outputs": [
                0.00048828125
            ],
            "params": {
                "weight": 0.00390625
            }
        },
        "model.layers.28.mlp.up_proj": {
            "inputs": [
                0.125
            ],
            "outputs": [
                0.000244140625
            ],
            "params": {
                "weight": 0.001953125
            }
        },
        "model.layers.28.mlp.down_proj": {
            "inputs": [
                0.5
            ],
            "outputs": [
                0.001953125
            ],
            "params": {
                "weight": 0.00390625
            }
        },
        "model.layers.29.self_attn.q_proj": {
            "inputs": [
                0.125
            ],
            "outputs": [
                0.000244140625
            ],
            "params": {
                "weight": 0.001953125
            }
        },
        "model.layers.29.self_attn.k_proj": {
            "inputs": [
                0.125
            ],
            "outputs": [
                0.000244140625
            ],
            "params": {
                "weight": 0.001953125
            }
        },
        "model.layers.29.self_attn.v_proj": {
            "inputs": [
                0.125
            ],
            "outputs": [
                0.000244140625
            ],
            "params": {
                "weight": 0.001953125
            }
        },
        "model.layers.29.self_attn.o_proj": {
            "inputs": [
                0.0625
            ],
            "outputs": [
                0.0001220703125
            ],
            "params": {
                "weight": 0.001953125
            }
        },
        "model.layers.29.self_attn.k_cache": {
            "inputs": [
                0.5
            ],
            "outputs": [
                0.5
            ],
            "params": {}
        },
        "model.layers.29.self_attn.v_cache": {
            "inputs": [
                0.125
            ],
            "outputs": [
                0.125
            ],
            "params": {}
        },
        "model.layers.29.self_attn.fused_scaled_dot_product_attention": {
            "inputs": [
                0.125,
                0.5,
                0.125,
                0.015625
            ],
            "outputs": [
                0.0625
            ],
            "params": {}
        },
        "model.layers.29.mlp.gate_proj": {
            "inputs": [
                0.125
            ],
            "outputs": [
                0.00048828125
            ],
            "params": {
                "weight": 0.00390625
            }
        },
        "model.layers.29.mlp.up_proj": {
            "inputs": [
                0.125
            ],
            "outputs": [
                0.000244140625
            ],
            "params": {
                "weight": 0.001953125
            }
        },
        "model.layers.29.mlp.down_proj": {
            "inputs": [
                0.5
            ],
            "outputs": [
                0.001953125
            ],
            "params": {
                "weight": 0.00390625
            }
        },
        "model.layers.30.self_attn.q_proj": {
            "inputs": [
                0.125
            ],
            "outputs": [
                0.000244140625
            ],
            "params": {
                "weight": 0.001953125
            }
        },
        "model.layers.30.self_attn.k_proj": {
            "inputs": [
                0.125
            ],
            "outputs": [
                0.000244140625
            ],
            "params": {
                "weight": 0.001953125
            }
        },
        "model.layers.30.self_attn.v_proj": {
            "inputs": [
                0.125
            ],
            "outputs": [
                0.0001220703125
            ],
            "params": {
                "weight": 0.0009765625
            }
        },
        "model.layers.30.self_attn.o_proj": {
            "inputs": [
                0.0625
            ],
            "outputs": [
                0.0001220703125
            ],
            "params": {
                "weight": 0.001953125
            }
        },
        "model.layers.30.self_attn.k_cache": {
            "inputs": [
                0.25
            ],
            "outputs": [
                0.25
            ],
            "params": {}
        },
        "model.layers.30.self_attn.v_cache": {
            "inputs": [
                0.125
            ],
            "outputs": [
                0.125
            ],
            "params": {}
        },
        "model.layers.30.self_attn.fused_scaled_dot_product_attention": {
            "inputs": [
                0.25,
                0.25,
                0.125,
                0.015625
            ],
            "outputs": [
                0.0625
            ],
            "params": {}
        },
        "model.layers.30.mlp.gate_proj": {
            "inputs": [
                0.125
            ],
            "outputs": [
                0.00048828125
            ],
            "params": {
                "weight": 0.00390625
            }
        },
        "model.layers.30.mlp.up_proj": {
            "inputs": [
                0.125
            ],
            "outputs": [
                0.000244140625
            ],
            "params": {
                "weight": 0.001953125
            }
        },
        "model.layers.30.mlp.down_proj": {
            "inputs": [
                1.0
            ],
            "outputs": [
                0.001953125
            ],
            "params": {
                "weight": 0.001953125
            }
        },
        "model.layers.31.self_attn.q_proj": {
            "inputs": [
                0.125
            ],
            "outputs": [
                0.000244140625
            ],
            "params": {
                "weight": 0.001953125
            }
        },
        "model.layers.31.self_attn.k_proj": {
            "inputs": [
                0.125
            ],
            "outputs": [
                0.00048828125
            ],
            "params": {
                "weight": 0.00390625
            }
        },
        "model.layers.31.self_attn.v_proj": {
            "inputs": [
                0.125
            ],
            "outputs": [
                0.000244140625
            ],
            "params": {
                "weight": 0.001953125
            }
        },
        "model.layers.31.self_attn.o_proj": {
            "inputs": [
                0.125
            ],
            "outputs": [
                0.000244140625
            ],
            "params": {
                "weight": 0.001953125
            }
        },
        "model.layers.31.self_attn.k_cache": {
            "inputs": [
                0.25
            ],
            "outputs": [
                0.25
            ],
            "params": {}
        },
        "model.layers.31.self_attn.v_cache": {
            "inputs": [
                0.125
            ],
            "outputs": [
                0.125
            ],
            "params": {}
        },
        "model.layers.31.self_attn.fused_scaled_dot_product_attention": {
            "inputs": [
                0.5,
                0.25,
                0.125,
                0.015625
            ],
            "outputs": [
                0.125
            ],
            "params": {}
        },
        "model.layers.31.mlp.gate_proj": {
            "inputs": [
                0.125
            ],
            "outputs": [
                0.00048828125
            ],
            "params": {
                "weight": 0.00390625
            }
        },
        "model.layers.31.mlp.up_proj": {
            "inputs": [
                0.125
            ],
            "outputs": [
                0.00048828125
            ],
            "params": {
                "weight": 0.00390625
            }
        },
        "model.layers.31.mlp.down_proj": {
            "inputs": [
                2.0
            ],
            "outputs": [
                0.0078125
            ],
            "params": {
                "weight": 0.00390625
            }
        },
        "lm_head": {
            "inputs": [
                0.5
            ],
            "outputs": [
                0.0009765625
            ],
            "params": {
                "weight": 0.001953125
            }
        }
    }
}